INSERT INTO app_category (category_id,category_name,category_description,category_logo,module_id) VALUES ('7cd2e581-b0d1-4597-b96d-ce3e410d3736','На Юбилей','Прекрасный будет к юбилею','1','18051a3a-5d89-45ec-8b38-8cc80d21959a');
INSERT INTO app_category (category_id,category_name,category_description,category_logo,module_id) VALUES ('c5f17dbb-a199-4e27-9c14-5ff4e2469f30','В Школу','На 1 Сентября','2','18051a3a-5d89-45ec-8b38-8cc80d21959a');
INSERT INTO app_category (category_id,category_name,category_description,category_logo,module_id) VALUES ('4c19a388-ebcb-4d3b-91c8-0da6b0bfb62f','На Свидание','Идеален для свидания','3','18051a3a-5d89-45ec-8b38-8cc80d21959a');
INSERT INTO app_category (category_id,category_name,category_description,category_logo,module_id) VALUES ('1d792ef3-8fa0-4cbf-9a37-ddbd7a981ec0','Шедевр','Произведение искусства','4','18051a3a-5d89-45ec-8b38-8cc80d21959a');
INSERT INTO app_category (category_id,category_name,category_description,category_logo,module_id) VALUES ('24deb2db-9e21-4cc0-b2c5-e5d345758902','Любой повод','На все случаи жизни','5','18051a3a-5d89-45ec-8b38-8cc80d21959a');
INSERT INTO app_category (category_id,category_name,category_description,category_logo,module_id) VALUES ('469038a5-dfb2-492f-863e-5fdde237f367','Молочные продукты','Молокосодержащие продукты','6','ac2d8b14-ce16-4306-aec6-0a65b56c95d7');
INSERT INTO app_category (category_id,category_name,category_description,category_logo,module_id) VALUES ('f54166d9-a4f9-4148-9fb3-b560d0165304','Сладости','Конфеты и пряники','7','ac2d8b14-ce16-4306-aec6-0a65b56c95d7');
INSERT INTO app_category (category_id,category_name,category_description,category_logo,module_id) VALUES ('1d5ecf2a-15a3-49ab-81a7-827c0701770e','Крупы','Рис, Гречка и т.д.','8','ac2d8b14-ce16-4306-aec6-0a65b56c95d7');
INSERT INTO app_category (category_id,category_name,category_description,category_logo,module_id) VALUES ('7f5be40c-5562-4708-9a1c-6229efb668f6','Фрукты','Яблоки , апельсины и т.д.','9','ac2d8b14-ce16-4306-aec6-0a65b56c95d7');
INSERT INTO app_category (category_id,category_name,category_description,category_logo,module_id) VALUES ('472c6e74-41cf-46c3-a334-f33396db657b','Овощи','Картошка, Капуста и т.д.','10','ac2d8b14-ce16-4306-aec6-0a65b56c95d7');
;
INSERT INTO app_module (module_id,module_name,module_description,module_link,module_icon,api_key) VALUES ('18051a3a-5d89-45ec-8b38-8cc80d21959a','Почта Цветы','Модуль позволяющий доставлять цветы на указанный адрес','https://313app.na4u.ru/module/init/18051a3a-5d89-45ec-8b38-8cc80d21959a','https://313app.na4u.ru/static/bunch-flowers.png','a4667674-ffc8-40f6-ae9d-ac21445f7aec');
INSERT INTO app_module (module_id,module_name,module_description,module_link,module_icon,api_key) VALUES ('ac2d8b14-ce16-4306-aec6-0a65b56c95d7','Почта Фермер','Модуль позволяющий доставлять продукты питания в указанный адрес','https://313app.na4u.ru/module/init/ac2d8b14-ce16-4306-aec6-0a65b56c95d7','https://313app.na4u.ru/static/beetroot-1--v1.png','72f898e6-1755-4892-8aed-8f2742a526fc');
;
INSERT INTO app_organisation (organisation_id,organisation_name,organisation_description,organisation_logo,organisation_address,organisation_rating) VALUES ('3e2a191c-73c2-4378-9c08-ae5c15918e3c','ООО "Тандем"','Оптовая торговля цветами','1','г. Нижний Новгород пр.Мира д.12',2);
INSERT INTO app_organisation (organisation_id,organisation_name,organisation_description,organisation_logo,organisation_address,organisation_rating) VALUES ('c3b8efbe-fe0e-40d5-b070-1a6566fa2047','Золотое Руно','Подарки и цветы','2','г. Нижний Новгород пр.Юбилейный д.20',3);
INSERT INTO app_organisation (organisation_id,organisation_name,organisation_description,organisation_logo,organisation_address,organisation_rating) VALUES ('19c1b219-0dc8-41e1-b595-625a49d65716','ИП Иванов А.М.','Фермерская продукция','3','г. Нижний Новгород пр.Гагарина д. 221',4);
INSERT INTO app_organisation (organisation_id,organisation_name,organisation_description,organisation_logo,organisation_address,organisation_rating) VALUES ('3661e299-c512-4488-8f68-0b33d6e05eea','ИП Золотова М.С.','Молочные изделия','4','г. Нижний Новгород ул.Сурикова д.43',5);
INSERT INTO app_organisation (organisation_id,organisation_name,organisation_description,organisation_logo,organisation_address,organisation_rating) VALUES ('0af3796b-e31d-4af7-bdca-41ab1772f262','ЗАО "Коровка"','Продукты питания','5','г. Нижний Новгород пр.Мира д.32',2);
INSERT INTO app_organisation (organisation_id,organisation_name,organisation_description,organisation_logo,organisation_address,organisation_rating) VALUES ('e4b811b0-4f26-4dac-9ab1-4b36753a036a','ООО "Цветочек"','Цветы на все случаи жизни','6','г. Нижний Новгород ул Жукова д.11',1);
INSERT INTO app_organisation (organisation_id,organisation_name,organisation_description,organisation_logo,organisation_address,organisation_rating) VALUES ('8e412cda-c42a-463c-aca3-9b0ec02a85ba','ПАО "Тонус"','Продукты питания','7','г. Нижний Новгород пр.Мира д.55',4);
INSERT INTO app_organisation (organisation_id,organisation_name,organisation_description,organisation_logo,organisation_address,organisation_rating) VALUES ('1d936685-94ab-4a3d-b6bf-a808cf857b7c','ОАО "Нормандия"','Продукты питания','8','г. Нижний Новгород ул. Артельная д. 41',5);
INSERT INTO app_organisation (organisation_id,organisation_name,organisation_description,organisation_logo,organisation_address,organisation_rating) VALUES ('d7bd0f5f-9a57-4f63-a757-cfbced1dee64','ИП Смирнов С.А.','Оптовая торговля цветами','9','г. Нижний Новгород пр.Бусыгина д.33',3);
INSERT INTO app_organisation (organisation_id,organisation_name,organisation_description,organisation_logo,organisation_address,organisation_rating) VALUES ('b0191370-ac37-43fa-90c8-6ffe9ea60ee9','ЗАО "Ромашка"','Оптовая торговля цветами','10','г. Нижний Новгород ул. Минина д.1',5);
;
INSERT INTO app_product (product_id,product_name,product_price,delivery_time,product_rating,product_description,product_image,organisation_id,module_id,category_id) VALUES ('a36d80c4-edf8-4d6f-aea0-e40f89cf8664','Букет',1100,30,4,'Букет цветов','Букет цветов','3e2a191c-73c2-4378-9c08-ae5c15918e3c','18051a3a-5d89-45ec-8b38-8cc80d21959a','7cd2e581-b0d1-4597-b96d-ce3e410d3736');
INSERT INTO app_product (product_id,product_name,product_price,delivery_time,product_rating,product_description,product_image,organisation_id,module_id,category_id) VALUES ('f537c5c2-79c9-4453-b884-887deb8d4c24','Букет',1200,30,3,'Букет цветов','Букет цветов','3e2a191c-73c2-4378-9c08-ae5c15918e3c','18051a3a-5d89-45ec-8b38-8cc80d21959a','7cd2e581-b0d1-4597-b96d-ce3e410d3736');
INSERT INTO app_product (product_id,product_name,product_price,delivery_time,product_rating,product_description,product_image,organisation_id,module_id,category_id) VALUES ('84da2b35-51c4-4754-a537-e0cc319a7009','Букет',2200,35,5,'Букет цветов','Букет цветов','c3b8efbe-fe0e-40d5-b070-1a6566fa2047','18051a3a-5d89-45ec-8b38-8cc80d21959a','7cd2e581-b0d1-4597-b96d-ce3e410d3736');
INSERT INTO app_product (product_id,product_name,product_price,delivery_time,product_rating,product_description,product_image,organisation_id,module_id,category_id) VALUES ('45415465-fd7a-479c-b2e7-997951991546','Букет',2000,30,5,'Букет цветов','Букет цветов','c3b8efbe-fe0e-40d5-b070-1a6566fa2047','18051a3a-5d89-45ec-8b38-8cc80d21959a','c5f17dbb-a199-4e27-9c14-5ff4e2469f30');
INSERT INTO app_product (product_id,product_name,product_price,delivery_time,product_rating,product_description,product_image,organisation_id,module_id,category_id) VALUES ('4b5fc7e0-f1c0-4f40-8e98-4aa6ef33c2ab','Букет',1000,90,3,'Букет цветов','Букет цветов','c3b8efbe-fe0e-40d5-b070-1a6566fa2047','18051a3a-5d89-45ec-8b38-8cc80d21959a','c5f17dbb-a199-4e27-9c14-5ff4e2469f30');
INSERT INTO app_product (product_id,product_name,product_price,delivery_time,product_rating,product_description,product_image,organisation_id,module_id,category_id) VALUES ('dbd472e4-88ff-45e9-abfb-e7370b1cf907','Букет',2500,90,4,'Букет цветов','Букет цветов','e4b811b0-4f26-4dac-9ab1-4b36753a036a','18051a3a-5d89-45ec-8b38-8cc80d21959a','c5f17dbb-a199-4e27-9c14-5ff4e2469f30');
INSERT INTO app_product (product_id,product_name,product_price,delivery_time,product_rating,product_description,product_image,organisation_id,module_id,category_id) VALUES ('80c8a42f-ba7f-48fa-96c2-c748b33588a7','Букет',1500,90,4,'Букет цветов','Букет цветов','e4b811b0-4f26-4dac-9ab1-4b36753a036a','18051a3a-5d89-45ec-8b38-8cc80d21959a','4c19a388-ebcb-4d3b-91c8-0da6b0bfb62f');
INSERT INTO app_product (product_id,product_name,product_price,delivery_time,product_rating,product_description,product_image,organisation_id,module_id,category_id) VALUES ('6272fcc5-f994-4981-921f-d6ab7b7d0519','Букет',1500,90,5,'Букет цветов','Букет цветов','d7bd0f5f-9a57-4f63-a757-cfbced1dee64','18051a3a-5d89-45ec-8b38-8cc80d21959a','4c19a388-ebcb-4d3b-91c8-0da6b0bfb62f');
INSERT INTO app_product (product_id,product_name,product_price,delivery_time,product_rating,product_description,product_image,organisation_id,module_id,category_id) VALUES ('044b7ae3-c13b-404a-9fb6-30522eeff01e','Букет',1500,90,5,'Букет цветов','Букет цветов','d7bd0f5f-9a57-4f63-a757-cfbced1dee64','18051a3a-5d89-45ec-8b38-8cc80d21959a','1d792ef3-8fa0-4cbf-9a37-ddbd7a981ec0');
INSERT INTO app_product (product_id,product_name,product_price,delivery_time,product_rating,product_description,product_image,organisation_id,module_id,category_id) VALUES ('d2b1d01f-5262-42f0-adfa-0be0babd8a1b','Букет',1500,30,5,'Букет цветов','Букет цветов','d7bd0f5f-9a57-4f63-a757-cfbced1dee64','18051a3a-5d89-45ec-8b38-8cc80d21959a','1d792ef3-8fa0-4cbf-9a37-ddbd7a981ec0');
INSERT INTO app_product (product_id,product_name,product_price,delivery_time,product_rating,product_description,product_image,organisation_id,module_id,category_id) VALUES ('8cbe2af4-c7e0-4da0-96e9-3672d42230d1','Букет',2500,30,3,'Букет цветов','Букет цветов','b0191370-ac37-43fa-90c8-6ffe9ea60ee9','18051a3a-5d89-45ec-8b38-8cc80d21959a','1d792ef3-8fa0-4cbf-9a37-ddbd7a981ec0');
INSERT INTO app_product (product_id,product_name,product_price,delivery_time,product_rating,product_description,product_image,organisation_id,module_id,category_id) VALUES ('64bdf13c-ca99-45ed-82cb-012b093eb109','Букет',2500,160,4,'Букет цветов','Букет цветов','b0191370-ac37-43fa-90c8-6ffe9ea60ee9','18051a3a-5d89-45ec-8b38-8cc80d21959a','24deb2db-9e21-4cc0-b2c5-e5d345758902');
INSERT INTO app_product (product_id,product_name,product_price,delivery_time,product_rating,product_description,product_image,organisation_id,module_id,category_id) VALUES ('b8144ca6-e754-4a47-b28b-8182f06ebb26','Букет',2000,30,4,'Букет цветов','Букет цветов','b0191370-ac37-43fa-90c8-6ffe9ea60ee9','18051a3a-5d89-45ec-8b38-8cc80d21959a','24deb2db-9e21-4cc0-b2c5-e5d345758902');
INSERT INTO app_product (product_id,product_name,product_price,delivery_time,product_rating,product_description,product_image,organisation_id,module_id,category_id) VALUES ('6cfa5b9f-5d54-4653-bf85-69774dc5aa28','Мука',30,30,4,'ac2d8b14-ce16-4306-aec6-0a65b56c95d7','ac2d8b14-ce16-4306-aec6-0a65b56c95d7','1d5ecf2a-15a3-49ab-81a7-827c0701770e','ac2d8b14-ce16-4306-aec6-0a65b56c95d7','469038a5-dfb2-492f-863e-5fdde237f367');
INSERT INTO app_product (product_id,product_name,product_price,delivery_time,product_rating,product_description,product_image,organisation_id,module_id,category_id) VALUES ('b44f2330-17ef-49a2-8d4c-e160fb7ce7b3','Молоко',50,35,5,'ac2d8b14-ce16-4306-aec6-0a65b56c95d7','ac2d8b14-ce16-4306-aec6-0a65b56c95d7','469038a5-dfb2-492f-863e-5fdde237f367','ac2d8b14-ce16-4306-aec6-0a65b56c95d7','469038a5-dfb2-492f-863e-5fdde237f367');
INSERT INTO app_product (product_id,product_name,product_price,delivery_time,product_rating,product_description,product_image,organisation_id,module_id,category_id) VALUES ('f83c14ed-8ebf-4fba-b69d-b44896947cab','Рис',110,35,3,'ac2d8b14-ce16-4306-aec6-0a65b56c95d7','ac2d8b14-ce16-4306-aec6-0a65b56c95d7','1d5ecf2a-15a3-49ab-81a7-827c0701770e','ac2d8b14-ce16-4306-aec6-0a65b56c95d7','469038a5-dfb2-492f-863e-5fdde237f367');
INSERT INTO app_product (product_id,product_name,product_price,delivery_time,product_rating,product_description,product_image,organisation_id,module_id,category_id) VALUES ('fbd6e59d-cbd1-41d8-8199-334290daf06e','Конфеты "Ромашка"',110,50,4,'ac2d8b14-ce16-4306-aec6-0a65b56c95d7','ac2d8b14-ce16-4306-aec6-0a65b56c95d7','f54166d9-a4f9-4148-9fb3-b560d0165304','ac2d8b14-ce16-4306-aec6-0a65b56c95d7','469038a5-dfb2-492f-863e-5fdde237f367');
INSERT INTO app_product (product_id,product_name,product_price,delivery_time,product_rating,product_description,product_image,organisation_id,module_id,category_id) VALUES ('6d6438b9-6774-47f0-a6dd-bc58c20f6581','Конфеты "Ирис"',450,90,5,'ac2d8b14-ce16-4306-aec6-0a65b56c95d7','ac2d8b14-ce16-4306-aec6-0a65b56c95d7','f54166d9-a4f9-4148-9fb3-b560d0165304','ac2d8b14-ce16-4306-aec6-0a65b56c95d7','469038a5-dfb2-492f-863e-5fdde237f367');
INSERT INTO app_product (product_id,product_name,product_price,delivery_time,product_rating,product_description,product_image,organisation_id,module_id,category_id) VALUES ('35c9082b-0ff1-410a-9f93-4bc7f389adc0','Сливки',500,160,5,'ac2d8b14-ce16-4306-aec6-0a65b56c95d7','ac2d8b14-ce16-4306-aec6-0a65b56c95d7','469038a5-dfb2-492f-863e-5fdde237f367','ac2d8b14-ce16-4306-aec6-0a65b56c95d7','f54166d9-a4f9-4148-9fb3-b560d0165304');
INSERT INTO app_product (product_id,product_name,product_price,delivery_time,product_rating,product_description,product_image,organisation_id,module_id,category_id) VALUES ('23f66b58-13bc-472e-9237-3c0996501614','Сметана',40,160,3,'ac2d8b14-ce16-4306-aec6-0a65b56c95d7','ac2d8b14-ce16-4306-aec6-0a65b56c95d7','469038a5-dfb2-492f-863e-5fdde237f367','ac2d8b14-ce16-4306-aec6-0a65b56c95d7','f54166d9-a4f9-4148-9fb3-b560d0165304');
INSERT INTO app_product (product_id,product_name,product_price,delivery_time,product_rating,product_description,product_image,organisation_id,module_id,category_id) VALUES ('ef26496c-f2ac-4698-8d86-df8566490234','Гречка',60,160,4,'ac2d8b14-ce16-4306-aec6-0a65b56c95d7','ac2d8b14-ce16-4306-aec6-0a65b56c95d7','1d5ecf2a-15a3-49ab-81a7-827c0701770e','ac2d8b14-ce16-4306-aec6-0a65b56c95d7','f54166d9-a4f9-4148-9fb3-b560d0165304');
INSERT INTO app_product (product_id,product_name,product_price,delivery_time,product_rating,product_description,product_image,organisation_id,module_id,category_id) VALUES ('15690333-decc-40a4-b10b-899bcdcbbbbb','Лук',60,220,4,'ac2d8b14-ce16-4306-aec6-0a65b56c95d7','ac2d8b14-ce16-4306-aec6-0a65b56c95d7','472c6e74-41cf-46c3-a334-f33396db657b','ac2d8b14-ce16-4306-aec6-0a65b56c95d7','f54166d9-a4f9-4148-9fb3-b560d0165304');
INSERT INTO app_product (product_id,product_name,product_price,delivery_time,product_rating,product_description,product_image,organisation_id,module_id,category_id) VALUES ('ae5a0608-1b1e-4885-a817-1185fb6b6fbc','Картофель',80,160,4,'ac2d8b14-ce16-4306-aec6-0a65b56c95d7','ac2d8b14-ce16-4306-aec6-0a65b56c95d7','472c6e74-41cf-46c3-a334-f33396db657b','ac2d8b14-ce16-4306-aec6-0a65b56c95d7','f54166d9-a4f9-4148-9fb3-b560d0165304');
INSERT INTO app_product (product_id,product_name,product_price,delivery_time,product_rating,product_description,product_image,organisation_id,module_id,category_id) VALUES ('3901f458-c270-430d-b3a1-f9ddd51b1211','Кефир',50,160,5,'ac2d8b14-ce16-4306-aec6-0a65b56c95d7','ac2d8b14-ce16-4306-aec6-0a65b56c95d7','469038a5-dfb2-492f-863e-5fdde237f367','ac2d8b14-ce16-4306-aec6-0a65b56c95d7','1d5ecf2a-15a3-49ab-81a7-827c0701770e');
INSERT INTO app_product (product_id,product_name,product_price,delivery_time,product_rating,product_description,product_image,organisation_id,module_id,category_id) VALUES ('4b1d1e55-ef12-417f-a167-8362b6a905ce','Огурцы',40,160,3,'ac2d8b14-ce16-4306-aec6-0a65b56c95d7','ac2d8b14-ce16-4306-aec6-0a65b56c95d7','472c6e74-41cf-46c3-a334-f33396db657b','ac2d8b14-ce16-4306-aec6-0a65b56c95d7','1d5ecf2a-15a3-49ab-81a7-827c0701770e');
INSERT INTO app_product (product_id,product_name,product_price,delivery_time,product_rating,product_description,product_image,organisation_id,module_id,category_id) VALUES ('cac45645-18e0-485b-bea1-b6bf67cd7298','Арбуз',50,160,3,'ac2d8b14-ce16-4306-aec6-0a65b56c95d7','ac2d8b14-ce16-4306-aec6-0a65b56c95d7','7f5be40c-5562-4708-9a1c-6229efb668f6','ac2d8b14-ce16-4306-aec6-0a65b56c95d7','1d5ecf2a-15a3-49ab-81a7-827c0701770e');
INSERT INTO app_product (product_id,product_name,product_price,delivery_time,product_rating,product_description,product_image,organisation_id,module_id,category_id) VALUES ('968e5b01-5ff0-438c-b4c3-3cc2515d519f','Дыня',30,30,4,'ac2d8b14-ce16-4306-aec6-0a65b56c95d7','ac2d8b14-ce16-4306-aec6-0a65b56c95d7','7f5be40c-5562-4708-9a1c-6229efb668f6','ac2d8b14-ce16-4306-aec6-0a65b56c95d7','7f5be40c-5562-4708-9a1c-6229efb668f6');
INSERT INTO app_product (product_id,product_name,product_price,delivery_time,product_rating,product_description,product_image,organisation_id,module_id,category_id) VALUES ('8fd3394e-a08b-4f0b-9f1a-f8e8f3ec9bba','Вафли',55,50,5,'ac2d8b14-ce16-4306-aec6-0a65b56c95d7','ac2d8b14-ce16-4306-aec6-0a65b56c95d7','f54166d9-a4f9-4148-9fb3-b560d0165304','ac2d8b14-ce16-4306-aec6-0a65b56c95d7','7f5be40c-5562-4708-9a1c-6229efb668f6');
INSERT INTO app_product (product_id,product_name,product_price,delivery_time,product_rating,product_description,product_image,organisation_id,module_id,category_id) VALUES ('d84714ac-188c-4206-8939-668a02415781','Пряники',40,60,5,'ac2d8b14-ce16-4306-aec6-0a65b56c95d7','ac2d8b14-ce16-4306-aec6-0a65b56c95d7','f54166d9-a4f9-4148-9fb3-b560d0165304','ac2d8b14-ce16-4306-aec6-0a65b56c95d7','7f5be40c-5562-4708-9a1c-6229efb668f6');
INSERT INTO app_product (product_id,product_name,product_price,delivery_time,product_rating,product_description,product_image,organisation_id,module_id,category_id) VALUES ('051efed1-d734-4198-9ec8-835f46e3be96','Кефир',70,160,3,'ac2d8b14-ce16-4306-aec6-0a65b56c95d7','ac2d8b14-ce16-4306-aec6-0a65b56c95d7','469038a5-dfb2-492f-863e-5fdde237f367','ac2d8b14-ce16-4306-aec6-0a65b56c95d7','472c6e74-41cf-46c3-a334-f33396db657b');
INSERT INTO app_product (product_id,product_name,product_price,delivery_time,product_rating,product_description,product_image,organisation_id,module_id,category_id) VALUES ('bedaef5e-0546-46c1-9ac2-eea010cceb3d','Яйца',160,160,4,'ac2d8b14-ce16-4306-aec6-0a65b56c95d7','ac2d8b14-ce16-4306-aec6-0a65b56c95d7','472c6e74-41cf-46c3-a334-f33396db657b','ac2d8b14-ce16-4306-aec6-0a65b56c95d7','472c6e74-41cf-46c3-a334-f33396db657b');
INSERT INTO app_product (product_id,product_name,product_price,delivery_time,product_rating,product_description,product_image,organisation_id,module_id,category_id) VALUES ('482bc841-1302-4b4d-a543-70d8196cf273','Хлеб',550,160,4,'ac2d8b14-ce16-4306-aec6-0a65b56c95d7','ac2d8b14-ce16-4306-aec6-0a65b56c95d7','472c6e74-41cf-46c3-a334-f33396db657b','ac2d8b14-ce16-4306-aec6-0a65b56c95d7','472c6e74-41cf-46c3-a334-f33396db657b');
;